feature,importance
spectral_entropy,0.002147004676040013
PU_drift_type__Frequency drift,0.0020937541228079693
PU_drift_type__Bandwidth switch,0.001863915287588789
SU1_temporal_cov__energy,0.0008579836383829123
SU1_cov_flat__energy,0.0008579836383829122
SU2_temporal_cov__zero_cross_rate,0.0006876664220637643
SU2_cov_flat__zero_cross_rate,0.0006876664220637527
SU1_temporal_cov__zero_cross_rate,0.0005267342083331456
SU1_cov_flat__zero_cross_rate,0.0005267342083331174
SU1_cov_flat__iqr,0.0003872644734757743
SU1_temporal_cov__iqr,0.0003872644734757743
SU1_temporal_cov__abs_mean,0.0003872644732249066
SU1_temporal_cov__l1_energy,0.0003872644732249066
SU1_cov_flat__l1_energy,0.00038726447322490453
SU1_cov_flat__abs_mean,0.00038726447322490453
SU1_temporal_cov__l2_energy,0.0003872644732248873
SU1_cov_flat__l2_energy,0.0003872644732248849
SU1_cov_flat__std,0.0003872644730385899
SU1_temporal_cov__std,0.00038726447303858585
SU1_temporal_cov__min,0.0003872644729205578
SU1_cov_flat__min,0.0003872644729205578
SU1_cov_flat__range,0.00038726447208455527
SU1_temporal_cov__range,0.00038726447208455527
SU1_temporal_cov__max,0.0003872644712485817
SU1_cov_flat__max,0.0003872644712485817
SU1_temporal_cov__variation,0.0003872644702181715
SU1_cov_flat__variation,0.0003872644701944494
SU2_temporal_cov__energy,0.00035689737834966503
SU2_cov_flat__energy,0.0003568973783496623
SU3_temporal_cov__zero_cross_rate,0.0002518398495391581
SU3_cov_flat__zero_cross_rate,0.00025183984953914553
SU2_cov_flat__q25,0.00022484147437094675
SU2_temporal_cov__q25,0.00022484147437094675
SU1_temporal_cov__q75,0.00022253915635825924
SU1_cov_flat__q75,0.00022253915635825924
SU2_temporal_cov__min,0.00019856627111457722
SU2_cov_flat__min,0.00019856627111457722
SU2_temporal_cov__iqr,0.0001985662706932486
SU2_cov_flat__iqr,0.0001985662706932486
SU2_temporal_cov__std,0.00019856627055847787
SU2_cov_flat__std,0.00019856627055847787
SU2_cov_flat__l2_energy,0.0001985662704192195
SU2_temporal_cov__l2_energy,0.00019856627041921782
SU2_cov_flat__l1_energy,0.00019856627041921015
SU2_cov_flat__abs_mean,0.00019856627041921015
SU2_temporal_cov__abs_mean,0.0001985662704192101
SU2_temporal_cov__l1_energy,0.0001985662704192101
SU2_cov_flat__variation,0.00019856627024003153
SU2_temporal_cov__range,0.000198566270179805
SU2_cov_flat__range,0.000198566270179805
SU2_temporal_cov__variation,0.00019856627016338272
SU2_temporal_cov__max,0.00019856626924503478
SU2_cov_flat__max,0.00019856626924503478
SU3_cov_flat__energy,0.00016220373962388113
SU3_temporal_cov__energy,0.0001622037396238811
freq_bin,0.0001395730454032198
SU1_temporal_cov_25,0.00012002136455163926
SU1_temporal_cov_26,0.00012002136455163926
SU1_cov_flat_1,0.00012002136455163926
SU1_cov_flat_2,0.00012002136455163926
SU1_temporal_cov_1,0.00012002136455163926
SU1_temporal_cov_2,0.00012002136455163926
SU1_temporal_cov_9,0.00012002136455163926
SU1_temporal_cov_10,0.00012002136455163926
SU1_temporal_cov_17,0.00012002136455163926
SU1_temporal_cov_18,0.00012002136455163926
SU1_cov_flat__median,0.00012002136370263634
SU1_temporal_cov__median,0.00012002136370263634
SU1_temporal_cov__mean,0.00012002136303942703
SU1_cov_flat__mean,0.000120021363039427
SU1_cov_flat_5,0.00012002136273469107
SU1_cov_flat_6,0.00012002136273469107
SU1_temporal_cov_29,0.00012002136273469107
SU1_temporal_cov_30,0.00012002136273469107
SU1_temporal_cov_5,0.00012002136273469107
SU1_temporal_cov_6,0.00012002136273469107
SU1_temporal_cov_13,0.00012002136273469107
SU1_temporal_cov_22,0.00012002136273469107
SU1_temporal_cov_21,0.00012002136273469107
SU1_temporal_cov_14,0.00012002136273469107
SU1_cov_flat_0,0.00012002136152721482
SU1_temporal_cov_24,0.00012002136152721482
SU1_temporal_cov_3,0.00012002136152721482
SU1_temporal_cov_19,0.00012002136152721482
SU1_temporal_cov_0,0.00012002136152721482
SU1_temporal_cov_16,0.00012002136152721482
SU1_cov_flat_3,0.00012002136152721482
SU1_temporal_cov_8,0.00012002136152721482
SU1_temporal_cov_27,0.00012002136152721482
SU1_temporal_cov_11,0.00012002136152721482
SU1_cov_flat__q25,0.00010792973006590948
SU1_temporal_cov__q25,0.00010792973006590948
SU3_cov_flat__q25,9.579061622321836e-05
SU3_temporal_cov__q25,9.579061622321836e-05
SU2_cov_flat__q75,8.197328635749862e-05
SU2_temporal_cov__q75,8.197328635749862e-05
SU3_temporal_cov__min,4.8473640698231714e-05
SU3_cov_flat__min,4.8473640698231714e-05
SU3_cov_flat__std,4.8473640466884234e-05
SU3_temporal_cov__std,4.847364046688352e-05
SU3_temporal_cov__variation,4.84736404142083e-05
SU3_cov_flat__variation,4.8473640353225965e-05
SU3_cov_flat__l2_energy,4.847364034323312e-05
SU3_temporal_cov__l2_energy,4.847364034323227e-05
SU3_cov_flat__abs_mean,4.8473640343224024e-05
SU3_cov_flat__l1_energy,4.8473640343224024e-05
SU3_temporal_cov__l1_energy,4.847364034322401e-05
SU3_temporal_cov__abs_mean,4.847364034322401e-05
SU3_cov_flat__iqr,4.847364020241737e-05
SU3_temporal_cov__iqr,4.847364020241737e-05
SU3_cov_flat__range,4.8473639898486604e-05
SU3_temporal_cov__range,4.8473639898486604e-05
SU3_cov_flat__max,4.847363909874252e-05
SU3_temporal_cov__max,4.847363909874252e-05
PU_drift_type__missing,2.894356005788704e-05
SU2_temporal_cov_6,2.514503386874646e-05
SU2_temporal_cov_13,2.514503386874646e-05
SU2_temporal_cov_14,2.514503386874646e-05
SU2_temporal_cov_5,2.514503386874646e-05
SU2_cov_flat_5,2.514503386874646e-05
SU2_cov_flat_6,2.514503386874646e-05
SU2_temporal_cov_22,2.514503386874646e-05
SU2_temporal_cov_29,2.514503386874646e-05
SU2_temporal_cov_21,2.514503386874646e-05
SU2_temporal_cov_30,2.514503386874646e-05
SU2_temporal_cov__median,2.5145033506487475e-05
SU2_cov_flat__median,2.5145033506487475e-05
SU2_temporal_cov_2,2.514503349308722e-05
SU2_temporal_cov_25,2.514503349308722e-05
SU2_temporal_cov_9,2.514503349308722e-05
SU2_temporal_cov_26,2.514503349308722e-05
SU2_temporal_cov_10,2.514503349308722e-05
SU2_cov_flat_1,2.514503349308722e-05
SU2_cov_flat_2,2.514503349308722e-05
SU2_temporal_cov_17,2.514503349308722e-05
SU2_temporal_cov_18,2.514503349308722e-05
SU2_temporal_cov_1,2.514503349308722e-05
SU2_temporal_cov__mean,2.514503345889409e-05
SU2_cov_flat__mean,2.5145033458893897e-05
SU2_temporal_cov_0,2.5145033424700837e-05
SU2_cov_flat_3,2.5145033424700837e-05
SU2_cov_flat_0,2.5145033424700837e-05
SU2_temporal_cov_3,2.5145033424700837e-05
SU2_temporal_cov_19,2.5145033424700837e-05
SU2_temporal_cov_24,2.5145033424700837e-05
SU2_temporal_cov_8,2.5145033424700837e-05
SU2_temporal_cov_11,2.5145033424700837e-05
SU2_temporal_cov_27,2.5145033424700837e-05
SU2_temporal_cov_16,2.5145033424700837e-05
power_dB,2.3223791779356405e-05
PU_Signal_Strength,2.3223791779356405e-05
SU3_temporal_cov__q75,1.5379865030940564e-05
SU3_cov_flat__q75,1.5379865030940564e-05
SU3_cov_flat__median,2.3564407618582163e-06
SU3_temporal_cov__median,2.3564407618582163e-06
SU3_temporal_cov_11,2.3564407366593186e-06
SU3_temporal_cov_0,2.3564407366593186e-06
SU3_temporal_cov_8,2.3564407366593186e-06
SU3_temporal_cov_16,2.3564407366593186e-06
SU3_temporal_cov_19,2.3564407366593186e-06
SU3_temporal_cov_3,2.3564407366593186e-06
SU3_cov_flat_3,2.3564407366593186e-06
SU3_cov_flat_0,2.3564407366593186e-06
SU3_temporal_cov_24,2.3564407366593186e-06
SU3_temporal_cov_27,2.3564407366593186e-06
SU3_temporal_cov_22,2.3564407213114365e-06
SU3_temporal_cov_5,2.3564407213114365e-06
SU3_temporal_cov_6,2.3564407213114365e-06
SU3_temporal_cov_30,2.3564407213114365e-06
SU3_temporal_cov_29,2.3564407213114365e-06
SU3_temporal_cov_14,2.3564407213114365e-06
SU3_temporal_cov_21,2.3564407213114365e-06
SU3_cov_flat_6,2.3564407213114365e-06
SU3_cov_flat_5,2.3564407213114365e-06
SU3_temporal_cov_13,2.3564407213114365e-06
SU3_temporal_cov__mean,2.3564406250476705e-06
SU3_cov_flat__mean,2.3564406250476095e-06
SU3_temporal_cov_17,2.356440513436252e-06
SU3_temporal_cov_26,2.356440513436252e-06
SU3_cov_flat_2,2.356440513436252e-06
SU3_temporal_cov_2,2.356440513436252e-06
SU3_temporal_cov_9,2.356440513436252e-06
SU3_temporal_cov_1,2.356440513436252e-06
SU3_temporal_cov_10,2.356440513436252e-06
SU3_temporal_cov_25,2.356440513436252e-06
SU3_temporal_cov_18,2.356440513436252e-06
SU3_cov_flat_1,2.356440513436252e-06
SU2_temporal_cov_15,0.0
SU2_temporal_cov_31,0.0
SU2_temporal_cov_28,0.0
SU2_temporal_cov_12,0.0
SU2_temporal_cov_20,0.0
SU2_temporal_cov_23,0.0
SU2_temporal_cov_7,0.0
SU1_temporal_cov_12,0.0
SU3_temporal_cov_4,0.0
SU3_temporal_cov_7,0.0
SU1_temporal_cov_15,0.0
SU1_temporal_cov_20,0.0
SU1_temporal_cov_23,0.0
SU1_temporal_cov_31,0.0
SU3_temporal_cov_31,0.0
SU1_temporal_cov_7,0.0
SU1_temporal_cov_4,0.0
SU3_temporal_cov_28,0.0
SU3_cov_flat_7,0.0
SU3_temporal_cov_23,0.0
SU3_cov_flat_4,0.0
SU2_cov_flat_7,0.0
SU3_temporal_cov_20,0.0
SU2_cov_flat_4,0.0
SU3_temporal_cov_15,0.0
SU2_temporal_cov_4,0.0
SU3_temporal_cov_12,0.0
SU1_cov_flat_4,0.0
SU1_temporal_cov_28,0.0
SU1_cov_flat_7,0.0
